[
	{
		"FirstName": "Vikas",
		"LastName": "Yadav",
		"StreetAddress": "Ap #388-282 Dolor St.",
		"City": "India",
		"State": "tx",
		"ZipCode": "98484",
		"Account": "013841836-999-967",
		"Relationship": "Book",
		"DrivingLicense": "8765654",
		"Last4SSN": "9087",
		"BillingAddress": "Clemson",
		"SmallPepCheese": "$10.99",
		"SmallPep": "$8.99",
		"SmallVegCheese": "$11.99",
		"SmallVeg": "$9.99",
		"SmallComboCheese": "$12.99",
		"SmallCombo": "$10.99",
		"MediumPepCheese": "$11.99",
		"MediumPep": "$9.99",
		"MediumVegCheese": "$12.99",
		"MediumVeg": "$10.99",
		"MediumComboCheese": "$13.99",
		"MediumCombo": "$11.99",
		"LargePepCheese": "$12.99",
		"LargePep": "$10.99",
		"LargeVegCheese": "$13.99",
		"LargeVeg": "$11.99",
		"LargeComboCheese": "$14.99",
		"LargeCombo": "$12.99",
		"SateField": "Error State Field is empty or not 'tx'"	
	}
]